{
    "shoot_missile": {
        "sounds": [
            "shoot_missile"
        ],
        "category": "player"
    },
    "crab_cannon.shoot": {
      "category": "player",
      "sounds": [
        "crab_cannon_shoot"
      ]
    },
    "landing_1": {
      "category": "player",
      "sounds": [
        "landing_1"
      ]
    },
    "landing_2": {
      "category": "player",
      "sounds": [
        "landing_2"
      ]
    },
    "sound_barrier": {
      "category": "player",
      "sounds": [
        "sound_barrier"
      ]
    },
    "repulsor.aim_1": {
      "category": "player",
      "sounds": [
        "repulsor_aim_1"
      ]
    },
    "repulsor.aim_2": {
      "category": "player",
      "sounds": [
        "repulsor_aim_2"
      ]
    },
    "repulsor.aim_3": {
      "category": "player",
      "sounds": [
        "repulsor_aim_3"
      ]
    },
    "repulsor.shoot_1": {
      "category": "player",
      "sounds": [
        "repulsor_shoot_1"
      ]
    },
    "repulsor.shoot_2": {
      "category": "player",
      "sounds": [
        "repulsor_shoot_2"
      ]
    },
    "repulsor.shoot_3": {
      "category": "player",
      "sounds": [
        "repulsor_shoot_3"
      ]
    },
    "unibeam.charge_1": {
      "category": "player",
      "sounds": [
        "unibeam_charge_1"
      ]
    },
    "unibeam.charge_2": {
      "category": "player",
      "sounds": [
        "unibeam_charge_2"
      ]
    },
    "unibeam.charge_3": {
      "category": "player",
      "sounds": [
        "unibeam_charge_3"
      ]
    },
    "unibeam.loop": {
      "category": "player",
      "sounds": [
        "unibeam_loop"
      ]
    },
    "bleeding_edge.enable": {
      "category": "player",
      "sounds": [
        "bleeding_edge_enable"
      ]
    },
    "bleeding_edge.disable": {
      "category": "player",
      "sounds": [
        "bleeding_edge_disable"
      ]
    },
    "superior.enable": {
      "category": "player",
      "sounds": [
        "superior_enable"
      ]
    },
    "superior.disable": {
      "category": "player",
      "sounds": [
        "superior_disable"
      ]
    },
    "extremis.enable": {
      "category": "player",
      "sounds": [
        "extremis_enable"
      ]
    },
    "extremis.disable": {
      "category": "player",
      "sounds": [
        "extremis_disable"
      ]
    },
    "missile_startup": {
      "category": "player",
      "sounds": [
        "missile_startup"
      ]
    },
    "flight_boost_1": {
      "category": "player",
      "sounds": [
        "flight_boost_1"
      ]
    }

}